https://s3.amazonaws.com/uifaces/faces/twitter/abotap/128.jpg,sticky expedite web services,3.28,27,197,4-person,17,1,Camping,Tent
https://s3.amazonaws.com/uifaces/faces/twitter/bolzanmarco/128.jpg,wireless syndicate systems,4.43,93,418,6-person,34,2,Camping,Tent
https://s3.amazonaws.com/uifaces/faces/twitter/itstotallyamy/128.jpg,out-of-the-box reintermediate paradigms,2.59,31,170,4-person,28,1,Camping,Tent
https://s3.amazonaws.com/uifaces/faces/twitter/bertboerland/128.jpg,dynamic brand models,3.36,19,401,8+ people,15,2,Camping,Tent
https://s3.amazonaws.com/uifaces/faces/twitter/irae/128.jpg,dynamic transition mindshare,3.29,21,440,7-person,35,1,Camping,Tent
https://s3.amazonaws.com/uifaces/faces/twitter/vicivadeline/128.jpg,seamless facilitate synergies,3.05,41,263,2-person,26,1,Camping,Tent
https://s3.amazonaws.com/uifaces/faces/twitter/brunodesign1206/128.jpg,sexy envisioneer mindshare,3.13,68,300,4-person,36,2,Camping,Tent
https://s3.amazonaws.com/uifaces/faces/twitter/gt/128.jpg,B2B maximize bandwidth,3.07,48,100,1-person,20,2,Camping,Tent
https://s3.amazonaws.com/uifaces/faces/twitter/the_winslet/128.jpg,interactive synthesize e-tailers,1.12,6,239,3-person,33,1,Camping,Tent
https://s3.amazonaws.com/uifaces/faces/twitter/dactrtr/128.jpg,efficient incentivize technologies,1.33,72,259,1-person,18,1,Camping,Tent
